{
    "walls": [
        {
            "parentIdentifier": null,
            "transform": [
                0.25176674,
                0,
                0.967788,
                0,
                0,
                1,
                0,
                0,
                -0.967788,
                0,
                0.25176674,
                0,
                1.4016185,
                -0.2890368,
                1.3966293,
                1
            ],
            "completedEdges": [],
            "story": 0,
            "polygonCorners": [],
            "confidence": {
                "high": {}
            },
            "dimensions": [
                5.0846734,
                2.6325002,
                0
            ],
            "category": {
                "wall": {}
            },
            "identifier": "B1CEF19C-B068-4CE2-A4CF-97DC3D51B1E5",
            "curve": null
        },
        {
            "parentIdentifier": null,
            "completedEdges": [],
            "polygonCorners": [],
            "transform": [
                -0.967788,
                0,
                0.25176683,
                0,
                0,
                1,
                0,
                0,
                -0.25176683,
                0,
                -0.967788,
                0,
                0.36867732,
                -0.2890368,
                4.2923017,
                1
            ],
            "confidence": {
                "high": {}
            },
            "curve": null,
            "story": 0,
            "identifier": "5E188C78-5BC8-4550-8F20-9F67AE9151C6",
            "category": {
                "wall": {}
            },
            "dimensions": [
                3.457404,
                2.6325002,
                0
            ]
        },
        {
            "transform": [
                0.96778804,
                0,
                -0.2517668,
                0,
                0,
                1,
                0,
                0,
                0.2517668,
                0,
                0.967788,
                0,
                -0.9114744,
                -0.2890368,
                -0.628584,
                1
            ],
            "parentIdentifier": null,
            "category": {
                "wall": {}
            },
            "confidence": {
                "high": {}
            },
            "polygonCorners": [],
            "curve": null,
            "completedEdges": [],
            "story": 0,
            "identifier": "DA62A46A-D51B-42B0-B38D-B89D6A8FD9DD",
            "dimensions": [
                3.457404,
                2.6325002,
                0
            ]
        },
        {
            "transform": [
                -0.25176674,
                0,
                -0.96778786,
                0,
                0,
                1,
                0,
                0,
                0.96778786,
                0,
                -0.25176677,
                0,
                -1.9444153,
                -0.2890368,
                2.2670887,
                1
            ],
            "dimensions": [
                5.0846744,
                2.6325002,
                0
            ],
            "polygonCorners": [],
            "completedEdges": [],
            "curve": null,
            "parentIdentifier": null,
            "story": 0,
            "confidence": {
                "high": {}
            },
            "identifier": "F979A15F-25FB-4BA7-8694-1D89C25BAF6A",
            "category": {
                "wall": {}
            }
        }
    ],
    "objects": [
        {
            "attributes": {
                "ChairLegType": "unidentified",
                "ChairArmType": "existing",
                "ChairType": "unidentified",
                "ChairBackType": "existing"
            },
            "dimensions": [
                0.6044718,
                1.0214785,
                0.6938068
            ],
            "story": 0,
            "transform": [
                -0.96778804,
                0,
                0.25176635,
                0,
                0,
                1,
                0,
                0,
                -0.25176638,
                0,
                -0.96778804,
                0,
                0.24872446,
                -1.0945475,
                3.2434218,
                1
            ],
            "identifier": "3E3B556B-40A7-4841-B2A4-9423C16792BE",
            "category": {
                "chair": {}
            },
            "confidence": {
                "low": {}
            },
            "parentIdentifier": "E19607C4-24CA-4029-B168-76E2B1DF3654"
        },
        {
            "parentIdentifier": "E19607C4-24CA-4029-B168-76E2B1DF3654",
            "transform": [
                0.25176528,
                0,
                0.96778834,
                0,
                0,
                1,
                0,
                0,
                -0.9677883,
                0,
                0.25176528,
                0,
                0.7777872,
                -1.0945475,
                2.4497266,
                1
            ],
            "confidence": {
                "low": {}
            },
            "story": 0,
            "dimensions": [
                0.60447204,
                1.0214785,
                0.6938069
            ],
            "attributes": {
                "ChairType": "unidentified",
                "ChairArmType": "existing",
                "ChairLegType": "unidentified",
                "ChairBackType": "existing"
            },
            "category": {
                "chair": {}
            },
            "identifier": "FB28BAB5-CC24-46E0-B2D8-D34F2816A03C"
        },
        {
            "dimensions": [
                0.6044718,
                1.0214785,
                0.6938069
            ],
            "confidence": {
                "medium": {}
            },
            "story": 0,
            "identifier": "9D720B38-B0AE-46AF-8A4A-D33BACEA238D",
            "transform": [
                0.2517666,
                0,
                0.967788,
                0,
                0,
                1,
                0,
                0,
                -0.967788,
                0,
                0.25176662,
                0,
                0.4056767,
                -1.0945475,
                1.0193369,
                1
            ],
            "category": {
                "chair": {}
            },
            "attributes": {
                "ChairBackType": "existing",
                "ChairType": "unidentified",
                "ChairLegType": "unidentified",
                "ChairArmType": "existing"
            },
            "parentIdentifier": "E19607C4-24CA-4029-B168-76E2B1DF3654"
        },
        {
            "attributes": {
                "ChairArmType": "existing",
                "ChairLegType": "unidentified",
                "ChairType": "unidentified",
                "ChairBackType": "existing"
            },
            "transform": [
                -0.25176644,
                0,
                -0.96778804,
                0,
                0,
                1,
                0,
                0,
                0.96778804,
                0,
                -0.25176644,
                0,
                -0.600046,
                -1.0945475,
                2.8081646,
                1
            ],
            "confidence": {
                "low": {}
            },
            "parentIdentifier": "E19607C4-24CA-4029-B168-76E2B1DF3654",
            "story": 0,
            "dimensions": [
                0.60447186,
                1.0214785,
                0.693807
            ],
            "identifier": "E21C5723-E2E2-400F-8FA1-0213126DE136",